run_id	Step	learning_rate
3deb5435-2d1b-47c8-a7b3-b9c830c8e5f1	500	0.00005
3deb5435-2d1b-47c8-a7b3-b9c830c8e5f1	1000	0.000035648679678530425
3deb5435-2d1b-47c8-a7b3-b9c830c8e5f1	1500	0.000021297359357060852
3deb5435-2d1b-47c8-a7b3-b9c830c8e5f1	2000	0.000006946039035591274