run_id	Step	learning_rate
eef4ff41-36c8-43aa-b02e-a4ae2b755af0	500	0.00005
eef4ff41-36c8-43aa-b02e-a4ae2b755af0	1000	0.000035648679678530425
eef4ff41-36c8-43aa-b02e-a4ae2b755af0	1500	0.000021297359357060852
eef4ff41-36c8-43aa-b02e-a4ae2b755af0	2000	0.000006946039035591274