run_id	Step	learning_rate
4fb25641-8119-42a1-9b51-f57ed2cc71ba	500	0.00005
4fb25641-8119-42a1-9b51-f57ed2cc71ba	1000	0.000035648679678530425
4fb25641-8119-42a1-9b51-f57ed2cc71ba	1500	0.000021297359357060852
4fb25641-8119-42a1-9b51-f57ed2cc71ba	2000	0.000006946039035591274